id;street_1;street_2;city;state;phone_number
1;models CFP Franc Human;Quality;Cartershire;Rubber Kansas synthesizing;navigating Solutions
2;Handcrafted Concrete Chicken Architect South Dakota;Customer supply-chains Corporate;East Humberto;web-readiness Buckinghamshire;methodical
3;Producer;Chair;Nelsland;microchip Awesome Wooden Table Tuna;generate Berkshire invoice
4;Hat generating;solution Incredible capacitor;West Chelsey;Bike interactive PNG;Skyway orchid
5;Leone Toys Home;Aruban Guilder;Runolfsdottirside;ubiquitous initiative Soap;Auto Loan Account program Shoes
6;SCSI Rustic Cotton Shoes systemic;Savings Account Cayman Islands Dollar Canada;Nikolausbury;bus;azure projection calculating
7;Texas;invoice Accounts Savings Account;East Lottiefort;parse relationships;deposit Greece
8;Representative;input payment;Rosellachester;calculate;multi-tasking Tasty
9;time-frame;evolve Architect;Christaburgh;deposit;Principal payment
10;fuchsia Lari Advanced;Cameroon circuit navigating;West Everettshire;generating purple;alarm
